Exchange,Market Opens,Market Closes,Daily Break
Bolsa de Madrid,Monday 12:00,Friday 20:30,20:30-12:00
Borsa Italiana,Monday 12:00,Friday 20:25,20:25-12:00
Chicago Board Options Exchange,Monday 18:30,Saturday 01:00,01:00-18:30
Copenhagen,Monday 12:00,Friday 19:55,19:55-12:00
Euronext Amsterdam,Monday 12:00,Friday 20:30,20:30-12:00
Euronext Brussels,Monday 12:00,Friday 20:30,20:30-12:00
Euronext Lisbon,Monday 12:00,Friday 20:30,20:30-12:00
Euronext Paris,Monday 12:00,Friday 20:30,20:30-12:00
Frankfurt,Monday 12:00,Friday 20:30,20:30-12:00
Helsinki,Monday 12:00,Friday 20:25,20:25-12:00
Hong Kong Stock Exchange,Monday 06:30,Friday 13:00,09:00-10:0013:00-06:30
LSE,Monday 12:00,Friday 20:30,20:30-12:00
LSE â€“ Russian GDRs,Monday 12:00,Friday 20:30,20:30-12:00
NASDAQ,Monday 18:30,Saturday 01:00,01:00-18:30
NYSE,Monday 18:30,Saturday 01:00,01:00-18:30
Oslo,Monday 12:00,Friday 19:20,19:20-12:00
SIX,Monday 12:00,Friday 20:20,20:20-12:00
Stockholm,Monday 12:00,Friday 20:25,20:25-12:00
Tadawul Saudi Arabia,Sunday 12:00,Thursday 17:00,17:00-12:00
Toronto Stock Exchange,Monday 18:30,Saturday 01:00,01:00-18:30
US STOCKS,Monday 18:30,Saturday 01:00,01:00-18:30
